{
    "NL01493": [51.927111, 4.461344],
    "NL10446": [52.039023, 4.359376],
    "NL49551": [52.463039, 4.601842],
    "NL49553": [52.493992, 4.601986],
    "NL49704": [52.428017, 4.773478],
    "NL49701": [52.448011, 4.816706],
    "NL49561": [52.334003, 4.774006],
    "NL10445": [52.075071, 4.315872],
    "NL49002": [52.385422, 4.87575],
    "NL49020": [52.374786, 4.860319],
    "NL49019": [52.372056, 4.9044],
    "NL10442": [51.800658, 4.708239],
    "NL10418": [51.914233, 4.479923],
    "NL01487": [51.891147, 4.48069],
    "NL53004": [51.699409, 4.623713],
    "NL01488": [51.893617, 4.487528],
    "NL49564": [52.327464, 4.715008],
    "NL10404": [52.077148, 4.289185],
    "NL49003": [52.389314, 4.943822],
    "NL49017": [52.358039, 4.8997],
    "NL01489": [51.869431, 4.580058],
    "NL49014": [52.359714, 4.866208],
    "NL49546": [52.42023, 4.83206],
    "NL01494": [51.921389, 4.401389],
    "NL10437": [51.786579, 4.450529],
    "NL01495": [51.932039, 4.228025],
    "NL49022": [52.366811, 4.793344],
    "NL01496": [51.977803, 4.121944],
    "NL53020": [51.713396, 4.583248],
    "NL49565": [52.279991, 4.770773],
    "NL10550": [52.370508, 4.642319],
    "NL49703": [52.398437, 4.728581],
    "NL49007": [52.381331, 4.845233],
    "NL10444": [52.296556, 4.510817],
    "NL49012": [52.389983, 4.887811],
    "NL49021": [52.320692, 4.988397],
    "NL10538": [52.803657, 5.050509],
    "NL01485": [51.867411, 4.355242],
    "NL01491": [51.938472, 4.430692]
}